{
    "config": {
        "timestamp": "2026-07-01T15:44:48.922687",
        "hyperparameters": {
            "learning_rate": 0.07169777704288847,
            "max_depth": 8,
            "num_leaves": 26,
            "colsample_bytree": 0.6547438433842053,
            "subsample": 0.7331842447321769,
            "random_state": 42,
            "n_jobs": -1,
            "verbosity": -1
        },
        "num_features": 61,
        "training_time_seconds": 76.62024569511414
    },
    "metrics": {
        "model_metrics": {
            "MAE": 26.777556251404814,
            "RMSE": 36.3764110992445,
            "MAPE": 12405594.26080698,
            "R2": 0.4164998856163463,
            "training_time_s": 76.62024569511414,
            "prediction_time_s": 2.6062700748443604
        },
        "daily_naive": {
            "MAE": 33.37370933955127,
            "RMSE": 49.613480473461365,
            "MAPE": 7785666.117660685,
            "R2": -0.08542703930425244
        },
        "weekly_naive": {
            "MAE": 36.36983322804768,
            "RMSE": 52.37871541983975,
            "MAPE": 18253645.78198855,
            "R2": -0.20979262683902689
        },
        "rolling_avg_7d": {
            "MAE": 36.4739674887447,
            "RMSE": 45.66817625686741,
            "MAPE": 16750595.395272654,
            "R2": 0.08033727576737859
        },
        "quantiles": {
            "pinball_0.05": 2.3915352418632176,
            "pinball_0.95": 4.500871699666428,
            "coverage_rate_90pct": 86.48921121526898
        }
    }
}