{
    "config": {
        "timestamp": "2026-07-02T19:03:13.559559",
        "hyperparameters": {
            "learning_rate": 0.0537416977928559,
            "max_depth": 4,
            "num_leaves": 43,
            "colsample_bytree": 0.6624931199989115,
            "subsample": 0.6434809057059424,
            "random_state": 42,
            "n_jobs": -1,
            "verbosity": -1
        },
        "num_features": 61,
        "training_time_seconds": 66.20884847640991
    },
    "metrics": {
        "model_metrics": {
            "MAE": 26.90314245756066,
            "RMSE": 36.451263885974384,
            "MAPE": 12452803.703954514,
            "R2": 0.41409604501716957,
            "training_time_s": 66.20884847640991,
            "prediction_time_s": 3.5437891483306885
        },
        "daily_naive": {
            "MAE": 33.37370933955127,
            "RMSE": 49.613480473461365,
            "MAPE": 7785666.117660685,
            "R2": -0.08542703930425244
        },
        "weekly_naive": {
            "MAE": 36.36983322804768,
            "RMSE": 52.37871541983975,
            "MAPE": 18253645.78198855,
            "R2": -0.20979262683902689
        },
        "rolling_avg_7d": {
            "MAE": 36.4739674887447,
            "RMSE": 45.66817625686741,
            "MAPE": 16750595.395272654,
            "R2": 0.08033727576737859
        },
        "quantiles": {
            "pinball_0.05": 2.3941092781201125,
            "pinball_0.95": 4.491219682894009,
            "coverage_rate_90pct": 87.81564057089773
        }
    }
}