{
    "config": {
        "timestamp": "2026-07-01T15:22:44.509099",
        "hyperparameters": {
            "learning_rate": 0.07057883200987199,
            "max_depth": 5,
            "num_leaves": 17,
            "colsample_bytree": 0.6445619608693305,
            "subsample": 0.7845555442723372,
            "random_state": 42,
            "n_jobs": -1,
            "verbosity": -1
        },
        "num_features": 61,
        "training_time_seconds": 96.25655436515808
    },
    "metrics": {
        "model_metrics": {
            "MAE": 26.77866596238453,
            "RMSE": 36.36156943371705,
            "MAPE": 12062456.564491242,
            "R2": 0.4169759274576065,
            "training_time_s": 96.25655436515808,
            "prediction_time_s": 3.562567710876465
        },
        "daily_naive": {
            "MAE": 33.37370933955127,
            "RMSE": 49.613480473461365,
            "MAPE": 7785666.117660685,
            "R2": -0.08542703930425244
        },
        "weekly_naive": {
            "MAE": 36.36983322804768,
            "RMSE": 52.37871541983975,
            "MAPE": 18253645.78198855,
            "R2": -0.20979262683902689
        },
        "rolling_avg_7d": {
            "MAE": 36.4739674887447,
            "RMSE": 45.66817625686741,
            "MAPE": 16750595.395272654,
            "R2": 0.08033727576737859
        },
        "quantiles": {
            "pinball_0.05": 2.394400968472052,
            "pinball_0.95": 4.49823196271161,
            "coverage_rate_90pct": 87.05293049573515
        }
    }
}