{
    "timestamp": "2026-07-01T15:44:48.922687",
    "hyperparameters": {
        "learning_rate": 0.07169777704288847,
        "max_depth": 8,
        "num_leaves": 26,
        "colsample_bytree": 0.6547438433842053,
        "subsample": 0.7331842447321769,
        "random_state": 42,
        "n_jobs": -1,
        "verbosity": -1
    },
    "num_features": 61,
    "training_time_seconds": 76.62024569511414
}