{
    "timestamp": "2026-07-02T20:09:35.675671",
    "hyperparameters": {
        "learning_rate": 0.08664345703733378,
        "max_depth": 5,
        "num_leaves": 26,
        "colsample_bytree": 0.6957751866315071,
        "subsample": 0.6636976427146093,
        "random_state": 42,
        "n_jobs": -1,
        "verbosity": -1
    },
    "num_features": 61,
    "training_time_seconds": 119.79188203811646
}