{
    "model_metrics": {
        "MAE": 26.860444136504928,
        "RMSE": 36.44688741044285,
        "MAPE": 12575689.657838926,
        "R2": 0.4142367282262587,
        "training_time_s": 119.79188203811646,
        "prediction_time_s": 3.420051336288452
    },
    "daily_naive": {
        "MAE": 33.37370933955127,
        "RMSE": 49.613480473461365,
        "MAPE": 7785666.117660685,
        "R2": -0.08542703930425244
    },
    "weekly_naive": {
        "MAE": 36.36983322804768,
        "RMSE": 52.37871541983975,
        "MAPE": 18253645.78198855,
        "R2": -0.20979262683902689
    },
    "rolling_avg_7d": {
        "MAE": 36.4739674887447,
        "RMSE": 45.66817625686741,
        "MAPE": 16750595.395272654,
        "R2": 0.08033727576737859
    },
    "quantiles": {
        "pinball_0.05": 2.3930784418256814,
        "pinball_0.95": 4.491133415468817,
        "coverage_rate_90pct": 87.07404357740056
    }
}