{
    "hour_of_day": {
        "0": {
            "MAE": 20.260982943802805,
            "RMSE": 29.271544725364098,
            "MAPE": 6918324.594904581
        },
        "1": {
            "MAE": 16.327829550978006,
            "RMSE": 23.94165904108588,
            "MAPE": 5622153.212943282
        },
        "2": {
            "MAE": 13.609420167998655,
            "RMSE": 20.789887086914053,
            "MAPE": 4848774.943514815
        },
        "3": {
            "MAE": 11.122085617890894,
            "RMSE": 17.479432109980948,
            "MAPE": 4552591.082408948
        },
        "4": {
            "MAE": 11.405138009009157,
            "RMSE": 16.443093817584767,
            "MAPE": 6086076.568548083
        },
        "5": {
            "MAE": 11.566702414104844,
            "RMSE": 17.068635313509343,
            "MAPE": 6116921.635542429
        },
        "6": {
            "MAE": 17.351575261293227,
            "RMSE": 21.422030137640707,
            "MAPE": 10622195.03058597
        },
        "7": {
            "MAE": 33.12901631119422,
            "RMSE": 39.490923883812776,
            "MAPE": 18369850.240773536
        },
        "8": {
            "MAE": 26.139360031841264,
            "RMSE": 34.60018522526138,
            "MAPE": 18138015.814990465
        },
        "9": {
            "MAE": 25.740034691436765,
            "RMSE": 33.05156461585239,
            "MAPE": 16247107.437628565
        },
        "10": {
            "MAE": 27.01692535087552,
            "RMSE": 35.49622810440491,
            "MAPE": 15120495.557563819
        },
        "11": {
            "MAE": 29.640964645402388,
            "RMSE": 39.03720833729954,
            "MAPE": 14508724.415147528
        },
        "12": {
            "MAE": 32.61643951576214,
            "RMSE": 42.45319657203938,
            "MAPE": 13709717.673219077
        },
        "13": {
            "MAE": 32.13273954648996,
            "RMSE": 40.19152736035125,
            "MAPE": 12344827.056145178
        },
        "14": {
            "MAE": 32.772499292618924,
            "RMSE": 41.573736781320434,
            "MAPE": 12011394.142174698
        },
        "15": {
            "MAE": 30.454663359762183,
            "RMSE": 40.48139979357678,
            "MAPE": 13838858.752374766
        },
        "16": {
            "MAE": 28.020400636537595,
            "RMSE": 35.3256192610777,
            "MAPE": 13111171.012077766
        },
        "17": {
            "MAE": 29.570363838357775,
            "RMSE": 38.047416879035126,
            "MAPE": 14031183.402448392
        },
        "18": {
            "MAE": 34.27748575507722,
            "RMSE": 45.139484641226545,
            "MAPE": 16322842.181208948
        },
        "19": {
            "MAE": 38.056403347883894,
            "RMSE": 48.42268643836835,
            "MAPE": 17750168.42588931
        },
        "20": {
            "MAE": 39.33527475357317,
            "RMSE": 49.358207776971824,
            "MAPE": 19060893.01817713
        },
        "21": {
            "MAE": 41.13952767932058,
            "RMSE": 51.4043859123916,
            "MAPE": 18051750.85598053
        },
        "22": {
            "MAE": 35.125726074771904,
            "RMSE": 42.46117664652766,
            "MAPE": 14504355.166359514
        },
        "23": {
            "MAE": 27.839100480135134,
            "RMSE": 36.26901334153678,
            "MAPE": 9928159.567526843
        }
    },
    "day_type": {
        "Weekday": {
            "MAE": 24.649347403113772,
            "RMSE": 33.62435035264683,
            "MAPE": 10001083.709597837
        },
        "Weekend": {
            "MAE": 32.38622577784328,
            "RMSE": 42.69246923513823,
            "MAPE": 19009922.076359864
        }
    },
    "season": {
        "Autumn": {
            "MAE": 27.966499456648183,
            "RMSE": 38.01422624092434,
            "MAPE": 15013797.570393333
        },
        "Spring": {
            "MAE": 27.04898667411378,
            "RMSE": 36.24220980818098,
            "MAPE": 7945557.189216281
        },
        "Summer": {
            "MAE": 22.337621884195503,
            "RMSE": 29.707504856030237,
            "MAPE": 10513089.214769276
        },
        "Winter": {
            "MAE": 32.044325752765474,
            "RMSE": 43.36679968658911,
            "MAPE": 19501018.766796865
        }
    },
    "load_level": {
        "High-Load (>Median)": {
            "MAE": 30.97401534272151,
            "RMSE": 41.20837014757787,
            "MAPE": 30.323382942261446
        },
        "Low-Load (<=Median)": {
            "MAE": 22.94230709454852,
            "RMSE": 31.24401238606442,
            "MAPE": 24553884.320154067
        }
    }
}