{
    "hour_of_day": {
        "0": {
            "MAE": 20.155539878397526,
            "RMSE": 29.17326675700529,
            "MAPE": 7019648.250669053
        },
        "1": {
            "MAE": 16.181848942164674,
            "RMSE": 23.796990380853604,
            "MAPE": 5576955.214154476
        },
        "2": {
            "MAE": 13.486990329658894,
            "RMSE": 20.743704620302477,
            "MAPE": 4855310.668106149
        },
        "3": {
            "MAE": 10.958716602191187,
            "RMSE": 17.320671142484112,
            "MAPE": 4684013.775589543
        },
        "4": {
            "MAE": 11.256350553151325,
            "RMSE": 16.239454179573507,
            "MAPE": 6245009.304238005
        },
        "5": {
            "MAE": 11.44039898225534,
            "RMSE": 16.877847445890865,
            "MAPE": 6359955.523003563
        },
        "6": {
            "MAE": 17.317997091311483,
            "RMSE": 21.3689968994312,
            "MAPE": 10867520.83534338
        },
        "7": {
            "MAE": 32.780079123964704,
            "RMSE": 38.99500295336555,
            "MAPE": 17387185.772365674
        },
        "8": {
            "MAE": 25.96549305016526,
            "RMSE": 34.32450124818547,
            "MAPE": 17368429.915196303
        },
        "9": {
            "MAE": 25.52433512271042,
            "RMSE": 32.86781784094178,
            "MAPE": 15650009.241714671
        },
        "10": {
            "MAE": 26.872637322373055,
            "RMSE": 35.37532086797896,
            "MAPE": 14219322.303862866
        },
        "11": {
            "MAE": 29.59945904425683,
            "RMSE": 39.04497825073067,
            "MAPE": 13744708.292480502
        },
        "12": {
            "MAE": 32.77963344633223,
            "RMSE": 42.61844247874966,
            "MAPE": 13051640.985348113
        },
        "13": {
            "MAE": 31.98067382079761,
            "RMSE": 40.13164169801448,
            "MAPE": 11711367.112258455
        },
        "14": {
            "MAE": 32.70626955355227,
            "RMSE": 41.62583325310907,
            "MAPE": 11672362.885601025
        },
        "15": {
            "MAE": 30.499561693804715,
            "RMSE": 40.43906508318766,
            "MAPE": 13975074.893174456
        },
        "16": {
            "MAE": 28.042995903456756,
            "RMSE": 35.20546017841973,
            "MAPE": 13296103.191966264
        },
        "17": {
            "MAE": 29.53306048546781,
            "RMSE": 37.99541690563736,
            "MAPE": 14040236.219607713
        },
        "18": {
            "MAE": 34.07681219748307,
            "RMSE": 45.099426773741826,
            "MAPE": 16038826.600136582
        },
        "19": {
            "MAE": 38.22682860249714,
            "RMSE": 48.49621511715844,
            "MAPE": 17712073.73629557
        },
        "20": {
            "MAE": 39.218115332787455,
            "RMSE": 49.329546343973455,
            "MAPE": 18962293.65293125
        },
        "21": {
            "MAE": 41.0832163506738,
            "RMSE": 51.3412728391515,
            "MAPE": 18070756.086877845
        },
        "22": {
            "MAE": 35.1682004885793,
            "RMSE": 42.479318825673964,
            "MAPE": 14774077.905353712
        },
        "23": {
            "MAE": 27.806136115682698,
            "RMSE": 36.22558094203041,
            "MAPE": 10451379.893092392
        }
    },
    "day_type": {
        "Weekday": {
            "MAE": 24.615790433295217,
            "RMSE": 33.590214622814074,
            "MAPE": 9873419.125100361
        },
        "Weekend": {
            "MAE": 32.18005433762021,
            "RMSE": 42.54905850626416,
            "MAPE": 18733787.263960313
        }
    },
    "season": {
        "Autumn": {
            "MAE": 27.87566477752683,
            "RMSE": 37.92962667907647,
            "MAPE": 14248236.102515247
        },
        "Spring": {
            "MAE": 26.915194160454234,
            "RMSE": 36.17814041894738,
            "MAPE": 7983946.4357644105
        },
        "Summer": {
            "MAE": 22.26853194561557,
            "RMSE": 29.56872011780433,
            "MAPE": 10117619.86656811
        },
        "Winter": {
            "MAE": 32.031560545356655,
            "RMSE": 43.37684644214687,
            "MAPE": 20237646.52981277
        }
    },
    "load_level": {
        "High-Load (>Median)": {
            "MAE": 30.950596507199997,
            "RMSE": 41.16104802723314,
            "MAPE": 30.34577966828132
        },
        "Low-Load (<=Median)": {
            "MAE": 22.802775511230244,
            "RMSE": 31.142899953411398,
            "MAPE": 24221774.670755856
        }
    }
}